,hot_loss,hot_auc,cold_loss,cold_auc
0,0.655239932692875,0.6736961436279423,0.655239932692875,0.6736961436279423
1,0.655239932692875,0.6736961436279423,0.655239932692875,0.6736961436279423
